Year,state,Female_18_59,Male_18_59,Female_5_17,Male_5_17,Female_greater_than_60,Male_greater_than_60,Female_less_than_5,Male_less_than_5,Alaska Native alone,American Indian alone,"American Indian and Alaska Native tribes specified; or American Indian or Alaska Native, not specified and no other races",Asian alone,Black or African American alone,Native Hawaiian and Other Pacific Islander alone,Some Other Race alone,Two or More Races,White alone,Not Spanish/Hispanic/Latino,Spanish/Hispanic/Latino,Asian and Pacific Island languages,English Only,N/A (GQ/vacant),Other Indo-European languages,Other Language,Spanish,With a disability,Without a disability,total_pop,indian_area,state_area,Percent_Tribal_Land,Income_Limit,state_name,Pop2010_Rural,TractSNAP_Rural,Pop2010_Urban,TractSNAP_Urban
2018,1,326578,230353,114140,127294,130790,75152,52051,52053,,4042.0,1072.0,9075.0,461999.0,317.0,43550.0,34034.0,554322.0,1017164,91247,6887,989628,8172,9006,6966,87752,248391,860020,4864680,0.4052729044045433,12.891866492687486,0.0314363249599599,130,Alabama,2209182.0,115131.0,2570554.0,154472.0
2019,1,308008,210660,108822,112655,127711,76132,41027,50596,,5188.0,1058.0,8290.0,414401.0,312.0,25067.0,24393.0,556902.0,958862,76749,9752,919727,8618,11419,6577,79518,238383,797228,4876250,0.4052729044045433,12.891866492687486,0.0314363249599599,130,Alabama,2209182.0,115131.0,2570554.0,154472.0
2021,1,322608,223336,117143,120702,138196,79623,45587,47234,1400.0,5782.0,1811.0,9850.0,418928.0,569.0,44144.0,67309.0,544636.0,1008843,85586,11449,971298,9527,8631,8939,84585,246397,848032,4997675,0.4052729044045433,12.891866492687486,0.0314363249599599,130,Alabama,2209182.0,115131.0,2570554.0,154472.0
2018,13,618128,412579,238935,262418,207864,126270,97898,97120,,8849.0,4396.0,59325.0,862685.0,6543.0,104714.0,70792.0,943908.0,1736822,324390,49722,1572693,13641,53273,46378,325505,356104,1705108,10297484,0.0086410298730229,14.668461601127,0.0005890890338738,130,Georgia,2872458.0,155264.0,6815195.0,351651.0
2019,13,559758,393099,236951,226265,208961,123853,87673,90722,,9416.0,3340.0,53564.0,855070.0,1269.0,101055.0,58658.0,844910.0,1638036,289246,42508,1499142,16122,49252,30961,289297,353209,1574073,10403847,0.0086410298730229,14.668461601127,0.0005890890338738,130,Georgia,2872458.0,155264.0,6815195.0,351651.0
2021,13,579102,402120,236908,242992,212097,140162,82457,88953,122.0,11699.0,4879.0,61988.0,847639.0,670.0,121521.0,204055.0,732218.0,1703482,281309,56258,1530221,13597,56738,46870,281107,365635,1619156,10625615,0.0086410298730229,14.668461601127,0.0005890890338738,130,Georgia,2872458.0,155264.0,6815195.0,351651.0
2018,16,86026,70985,35370,35608,30274,21304,13428,15214,,6467.0,889.0,4110.0,2724.0,974.0,16308.0,12232.0,264505.0,246290,61919,5679,234183,3242,7532,6931,50642,61791,246418,1687809,0.8397615899824308,24.45646100252308,0.0343370036202619,130,Idaho,576276.0,20642.0,991306.0,44863.0
2019,16,77367,70496,29793,33488,30598,20239,10958,14833,,4937.0,4159.0,5130.0,1001.0,943.0,17222.0,11660.0,242720.0,230424,57348,6930,223492,3131,4611,2579,47029,62355,225417,1717750,0.8397615899824308,24.45646100252308,0.0343370036202619,130,Idaho,576276.0,20642.0,991306.0,44863.0
2021,16,83865,61476,30001,33358,33506,24549,14456,12369,48.0,4137.0,2735.0,4140.0,4822.0,255.0,28476.0,30098.0,218869.0,242372,51208,2767,237470,2447,5679,3908,41309,59046,234534,1811617,0.8397615899824308,24.45646100252308,0.0343370036202619,130,Idaho,576276.0,20642.0,991306.0,44863.0
2018,18,352316,254974,135601,136084,121459,75172,56567,56385,,2548.0,552.0,34568.0,207625.0,306.0,50374.0,58170.0,834415.0,1045981,142577,30085,980802,10533,35959,12534,118645,251650,936908,6637426,7.800988199997946e-05,9.873748894804518,7.900735863459885e-06,130,Indiana,2046112.0,55790.0,4437690.0,216876.0
2019,18,342187,244484,122964,123518,115023,78890,49919,51959,,2814.0,716.0,29722.0,198777.0,423.0,39075.0,47697.0,809720.0,1008422,120522,24108,944983,11605,33000,15255,99993,245976,882968,6665703,7.800988199997946e-05,9.873748894804518,7.900735863459885e-06,130,Indiana,2046112.0,55790.0,4437690.0,216876.0
2021,18,324528,228268,125028,130704,129467,78565,51317,48441,,2873.0,1004.0,28413.0,163728.0,577.0,55809.0,117544.0,746370.0,988332,127986,20199,928697,11580,35461,12446,107935,246930,869388,6751340,7.800988199997946e-05,9.873748894804518,7.900735863459885e-06,130,Indiana,2046112.0,55790.0,4437690.0,216876.0
2018,22,336247,239213,128115,144799,126332,80702,54424,55827,,6790.0,942.0,14666.0,585086.0,479.0,23479.0,33360.0,500857.0,1087678,77981,11692,1022638,9523,34141,15730,71935,240001,925658,4663616,0.346089212725001,11.544208778894546,0.0299794658389868,130,Louisiana,1429969.0,75417.0,3103403.0,195651.0
2019,22,323125,225320,123053,137184,131868,81644,44293,53216,,6168.0,2277.0,13171.0,553160.0,207.0,18972.0,26366.0,499382.0,1046300,73403,10834,986293,9866,38128,8761,65821,248440,871263,4664362,0.346089212725001,11.544208778894546,0.0299794658389868,130,Louisiana,1429969.0,75417.0,3103403.0,195651.0
2021,22,337470,231269,127932,128891,132104,89450,44467,49486,56.0,4224.0,2006.0,17765.0,556068.0,954.0,22343.0,98741.0,438912.0,1075165,65904,13747,1000285,9437,38111,12233,67256,256630,884439,4657305,0.346089212725001,11.544208778894546,0.0299794658389868,130,Louisiana,1429969.0,75417.0,3103403.0,195651.0
2018,39,634272,466947,223438,240657,240567,155316,98842,101110,,5911.0,3279.0,40466.0,516363.0,2164.0,37912.0,122073.0,1432981.0,2020519,140630,33198,1844200,25671,75409,66029,116642,512522,1648627,11641879,,11.319912725077495,,130,Ohio,2908580.0,110779.0,8627924.0,525884.0
2019,39,601487,426247,218464,224897,226815,141161,90068,102167,,3887.0,3718.0,33348.0,486771.0,1474.0,39460.0,112677.0,1349971.0,1892418,138888,29321,1728969,28601,71427,56190,116798,466867,1564439,11655397,,11.319912725077495,,130,Ohio,2908580.0,110779.0,8627924.0,525884.0
2021,39,581121,414249,225752,221306,252221,171500,88606,91842,191.0,5479.0,1145.0,39758.0,469785.0,3880.0,54716.0,182224.0,1289419.0,1914834,131763,27405,1756678,22149,79688,54362,106315,483983,1562614,11769923,,11.319912725077495,,130,Ohio,2908580.0,110779.0,8627924.0,525884.0
2018,40,236855,182992,93289,99973,80314,56430,41921,37347,94.0,75591.0,5087.0,13615.0,103765.0,545.0,43007.0,75477.0,511940.0,691241,137880,11601,655108,8615,7845,16745,129207,184051,645070,3918137,13.711801882938248,18.00500104403678,0.7615551839959247,130,Oklahoma,1356594.0,62400.0,2394757.0,130209.0
2019,40,243259,174625,87565,94309,79055,55367,35961,34704,,73763.0,3397.0,15184.0,96508.0,1322.0,28694.0,75430.0,510547.0,675155,129690,16694,649058,7146,11938,7836,112173,182063,622782,3932870,13.711801882938248,18.00500104403678,0.7615551839959247,130,Oklahoma,1356594.0,62400.0,2394757.0,130209.0
2021,40,224842,181066,93201,99794,87623,61916,33977,41572,,70367.0,5294.0,17926.0,86372.0,1522.0,41718.0,136467.0,464325.0,687045,136946,13847,665345,5781,12634,11872,114512,198377,625614,3948136,13.711801882938248,18.00500104403678,0.7615551839959247,130,Oklahoma,1356594.0,62400.0,2394757.0,130209.0
2018,45,303164,212488,122010,116540,125838,77325,42729,47281,,5038.0,922.0,11539.0,448221.0,1117.0,33201.0,34104.0,513233.0,948528,98847,12947,908915,8833,15530,4632,96518,218008,829367,4955925,0.0528761049845683,7.856399194618525,0.0067303231002807,130,South Carolina,1818787.0,109295.0,2806577.0,140403.0
2019,45,288552,187402,109130,107242,122850,77633,42644,42237,,2809.0,823.0,10286.0,423263.0,1849.0,44748.0,29460.0,464452.0,888226,89464,10601,848794,8185,12499,2368,95243,200687,777003,5020806,0.0528761049845683,7.856399194618525,0.0067303231002807,130,South Carolina,1818787.0,109295.0,2806577.0,140403.0
2021,45,285112,207494,108370,114900,130785,88030,37896,40708,,7678.0,1227.0,16846.0,388893.0,582.0,50304.0,83713.0,464052.0,914301,98994,13198,859924,6776,24358,12342,96697,207618,805677,5078903,0.0528761049845683,7.856399194618525,0.0067303231002807,130,South Carolina,1818787.0,109295.0,2806577.0,140403.0
2018,2,44185,42881,15551,16638,14281,14329,8234,6849,40374.0,2055.0,5770.0,12247.0,4087.0,5165.0,1629.0,12201.0,79420.0,154358,8590,15821,111024,3544,2396,23717,6446,27291,135657,738516,9.335383846890617,282.01090882393964,0.0331029174928787,185,Alaska,282462.0,11061.0,427769.0,14794.0
2019,2,42356,40316,14228,17072,17034,13998,8776,6938,38735.0,1061.0,7995.0,4159.0,3319.0,6507.0,1064.0,11481.0,86397.0,146001,14717,11611,104777,2828,2741,30859,7902,28812,131906,737068,9.335383846890617,282.01090882393964,0.0331029174928787,185,Alaska,282462.0,11061.0,427769.0,14794.0
2021,2,40122,38533,15606,21300,13989,13437,4230,5666,35661.0,1224.0,147.0,8357.0,5009.0,5105.0,4190.0,22319.0,70871.0,142006,10877,9733,110268,4163,1643,20506,6570,35959,116924,735951,9.335383846890617,282.01090882393964,0.0331029174928787,185,Alaska,282462.0,11061.0,427769.0,14794.0
2018,4,577785,496511,238210,244325,237994,170947,94973,98457,215.0,171752.0,11860.0,59356.0,123617.0,4849.0,158753.0,94694.0,1534106.0,1188435,970767,54853,1056804,20553,51868,150335,824789,366737,1792465,6946685,8.189254145506085,28.91922003171593,0.2831768677206669,185,Arizona,909560.0,43328.0,5482457.0,255028.0
2019,4,549767,469013,229017,235329,232519,158527,83789,92618,219.0,148557.0,7430.0,50501.0,124232.0,4026.0,130035.0,91192.0,1494387.0,1149434,901145,47107,1054164,18512,42731,139709,748356,354722,1695857,7050299,8.189254145506085,28.91922003171593,0.2831768677206669,185,Arizona,909560.0,43328.0,5482457.0,255028.0
2021,4,520822,439133,213916,220145,238180,173075,78456,78665,812.0,142919.0,7529.0,47061.0,108317.0,4781.0,257012.0,507448.0,886513.0,1081642,880750,49257,1011489,17525,38748,132869,712504,361666,1600726,7079203,8.189254145506085,28.91922003171593,0.2831768677206669,185,Arizona,909560.0,43328.0,5482457.0,255028.0
2018,5,303832,237094,116788,112825,125779,85766,48796,48813,,4290.0,2920.0,12204.0,242913.0,6698.0,48946.0,40978.0,720744.0,959776,119917,14643,945740,6620,10941,1506,100243,250397,829296,2990671,0.0001591332045018,13.585448531226003,1.1713503910897187e-05,185,Arkansas,1458688.0,67231.0,1457230.0,79567.0
2019,5,284365,243507,113664,113847,128752,82522,50589,43117,,6101.0,1479.0,9215.0,230538.0,6897.0,37002.0,35181.0,733950.0,943627,116736,13632,914923,5298,18158,2502,105850,248514,811849,2999370,0.0001591332045018,13.585448531226003,1.1713503910897187e-05,185,Arkansas,1458688.0,67231.0,1457230.0,79567.0
2021,5,271376,215095,105366,116440,128571,95654,45343,44336,80.0,4959.0,743.0,9335.0,213700.0,5710.0,40362.0,117173.0,630119.0,910787,111394,13446,902513,4621,13909,1942,85750,242022,780159,3006309,0.0001591332045018,13.585448531226003,1.1713503910897187e-05,185,Arkansas,1458688.0,67231.0,1457230.0,79567.0
2018,20,211557,182399,78558,80573,88481,54233,35385,38654,,6465.0,1116.0,19389.0,74809.0,148.0,39158.0,44090.0,584665.0,613428,156412,16896,592696,5041,15879,11525,127803,157768,612072,2908776,0.103484531598034,22.00432773406957,0.0047029172101362,185,Kansas,846171.0,19743.0,2006947.0,70942.0
2019,20,201204,155750,82464,84680,80310,51616,28281,33059,,5587.0,960.0,22374.0,60998.0,93.0,42256.0,41239.0,543857.0,571866,145498,19464,554472,5887,11865,11444,114232,151696,565668,2910652,0.103484531598034,22.00432773406957,0.0047029172101362,185,Kansas,846171.0,19743.0,2006947.0,70942.0
2021,20,214190,176266,77137,79550,88593,63036,31422,34400,49.0,5844.0,1614.0,18989.0,63663.0,1745.0,52404.0,113389.0,506897.0,623159,141435,21107,607481,4970,13015,8192,109829,156550,608044,2932099,0.103484531598034,22.00432773406957,0.0047029172101362,185,Kansas,846171.0,19743.0,2006947.0,70942.0
2018,23,91366,76758,28561,26744,60564,41706,8564,10835,,2552.0,89.0,1254.0,10357.0,20.0,1682.0,11450.0,317694.0,339240,5858,1641,307973,5995,17409,7903,4177,101107,243991,1332813,0.1115573921269512,9.753205391625972,0.0114380234648532,185,Maine,883352.0,50188.0,445009.0,29350.0
2019,23,96746,76914,27856,26066,51359,37571,11245,11112,,4493.0,416.0,5606.0,11734.0,,916.0,8794.0,306910.0,332063,6806,6423,297098,5224,17064,7025,6035,98477,240392,1335492,0.1115573921269512,9.753205391625972,0.0114380234648532,185,Maine,883352.0,50188.0,445009.0,29350.0
2021,23,83009,69616,24187,23594,60326,41149,9562,9557,,1713.0,199.0,4627.0,10018.0,,3101.0,18852.0,282490.0,316356,4644,3596,278917,4448,23358,6184,4497,93719,227281,1357046,0.1115573921269512,9.753205391625972,0.0114380234648532,185,Maine,883352.0,50188.0,445009.0,29350.0
2018,28,317244,237222,125660,121896,132881,84644,41180,47569,,7284.0,305.0,7171.0,589055.0,557.0,13242.0,16045.0,474637.0,1069812,38484,7025,1040833,5940,5474,8455,40569,243863,864433,2988762,0.0131449507200001,11.885416620194546,0.0011059730710377,185,Mississippi,1611292.0,90987.0,1356005.0,91101.0
2019,28,316523,221321,121728,123582,136212,87418,45571,40995,,7356.0,617.0,9194.0,581716.0,,17396.0,18749.0,458322.0,1049266,44084,7125,1015229,6226,11945,7379,45446,239471,853879,2984418,0.0131449507200001,11.885416620194546,0.0011059730710377,185,Mississippi,1611292.0,90987.0,1356005.0,91101.0
2021,28,293875,222813,114030,118218,133829,92428,39952,43699,114.0,6070.0,2223.0,6700.0,541291.0,265.0,25283.0,57791.0,419107.0,1010947,47897,8092,977814,4582,8015,11584,48757,254176,804668,2967023,0.0131449507200001,11.885416620194546,0.0011059730710377,185,Mississippi,1611292.0,90987.0,1356005.0,91101.0
2018,29,481948,364381,178488,177325,210045,146557,73240,73195,872.0,7241.0,1772.0,23940.0,313774.0,1037.0,28800.0,73534.0,1254209.0,1604736,100443,21539,1510316,16015,42501,25844,88964,385636,1319543,6090062,2.33316530326836e-05,18.615444948119908,1.2533491999631205e-06,185,Missouri,1928155.0,81538.0,4060772.0,197310.0
2019,29,456359,380657,171023,173838,218555,140703,69916,70861,150.0,7502.0,2094.0,28852.0,289109.0,3515.0,31734.0,58651.0,1260305.0,1577922,103990,31698,1478073,16817,38792,19209,97323,389131,1292781,6104910,2.33316530326836e-05,18.615444948119908,1.2533491999631205e-06,185,Missouri,1928155.0,81538.0,4060772.0,197310.0
2021,29,454887,350260,148996,179990,219525,145160,67302,71349,27.0,6435.0,1904.0,27683.0,288112.0,1982.0,37938.0,159115.0,1114273.0,1530856,106613,28602,1447168,14964,41407,16341,88987,367706,1269763,6141534,2.33316530326836e-05,18.615444948119908,1.2533491999631205e-06,185,Missouri,1928155.0,81538.0,4060772.0,197310.0
2018,34,482504,384918,190389,193382,240704,136773,75433,70125,76.0,4861.0,3034.0,117707.0,374577.0,1030.0,259696.0,52051.0,961196.0,1120366,653862,75473,822688,24368,158833,59775,633091,303235,1470993,8881845,0.0072555651172241,2.130952484622497,0.003404846034617,185,New Jersey,665386.0,10902.0,8126508.0,279177.0
2019,34,451566,349476,169934,198863,238518,140744,65057,75861,,2719.0,1596.0,96382.0,372967.0,280.0,204781.0,56190.0,955104.0,1090810,599209,60713,805507,25680,141096,60472,596551,293021,1396998,8878503,0.0072555651172241,2.130952484622497,0.003404846034617,185,New Jersey,665386.0,10902.0,8126508.0,279177.0
2021,34,488676,401115,196375,194061,263029,158767,67607,78306,,8928.0,5410.0,110282.0,352936.0,574.0,369276.0,302066.0,698464.0,1149461,698475,68357,862346,24184,152671,84146,656232,317958,1529978,9234024,0.0072555651172241,2.130952484622497,0.003404846034617,185,New Jersey,665386.0,10902.0,8126508.0,279177.0
2018,44,71916,54271,23554,21856,37051,25119,9380,10892,,1236.0,528.0,9395.0,20564.0,783.0,31849.0,8510.0,181174.0,171713,82326,7330,137621,3114,24747,4355,76872,64323,189716,1056611,0.0008971107265001,0.3077630530859966,0.0029149396508275,185,Rhode Island,110073.0,2403.0,942494.0,63252.0
2019,44,61392,53355,18860,20695,35528,20519,9746,6994,,719.0,830.0,4051.0,32562.0,123.0,28911.0,13303.0,146590.0,155215,71874,3325,126037,3518,16665,7857,69687,52484,174605,1057231,0.0008971107265001,0.3077630530859966,0.0029149396508275,185,Rhode Island,110073.0,2403.0,942494.0,63252.0
2021,44,69536,55637,21004,23383,40519,21954,8070,7909,,2065.0,441.0,6766.0,19326.0,932.0,44030.0,43528.0,130924.0,168024,79988,6488,141039,3172,16728,5656,74929,57445,190567,1091949,0.0008971107265001,0.3077630530859966,0.0029149396508275,185,Rhode Island,110073.0,2403.0,942494.0,63252.0
2018,46,63362,53272,23365,25708,29021,20133,7858,14276,,39842.0,12740.0,4012.0,9760.0,,2428.0,12864.0,155349.0,220591,16404,1858,194913,4755,7230,19160,9079,40393,196602,864289,4.75011154100549,22.57833163513349,0.2103836376295393,185,South Dakota,394436.0,12300.0,419744.0,18815.0
2019,46,58151,50904,22323,24212,25489,19420,10493,10791,,42061.0,5680.0,3192.0,8739.0,383.0,2658.0,8324.0,150746.0,210868,10915,2562,186925,7357,4759,13140,7040,40531,181252,870638,4.75011154100549,22.57833163513349,0.2103836376295393,185,South Dakota,394436.0,12300.0,419744.0,18815.0
2021,46,59099,47450,20018,20594,25787,22279,7562,10491,,42911.0,3598.0,5495.0,8827.0,556.0,5835.0,17113.0,128945.0,200619,12661,2146,171116,7875,4810,17988,9345,44963,168317,881785,4.75011154100549,22.57833163513349,0.2103836376295393,185,South Dakota,394436.0,12300.0,419744.0,18815.0
2018,47,608238,466283,228343,228543,252491,170114,89379,95595,369.0,3530.0,2878.0,32572.0,518873.0,2312.0,49132.0,62982.0,1466338.0,1947291,191695,28284,1846864,11232,35955,35446,181205,464799,1674187,6651089,6.923441299994904e-05,10.889271696434513,6.358038896450581e-06,185,Tennessee,2440530.0,140980.0,3905575.0,238345.0
2019,47,558434,436086,202459,213576,246216,164971,87792,82130,232.0,5234.0,3202.0,25523.0,453197.0,1720.0,58799.0,60325.0,1383432.0,1788915,202749,21122,1691146,13298,33593,30330,202175,446788,1544876,6709356,6.923441299994904e-05,10.889271696434513,6.358038896450581e-06,185,Tennessee,2440530.0,140980.0,3905575.0,238345.0
2021,47,555623,447857,210277,213850,262601,179863,74714,75533,71.0,4451.0,1945.0,29806.0,435232.0,2127.0,93440.0,178049.0,1275197.0,1829405,190913,19265,1729909,12998,36915,38063,183168,445252,1575066,6859497,6.923441299994904e-05,10.889271696434513,6.358038896450581e-06,185,Tennessee,2440530.0,140980.0,3905575.0,238345.0
2018,49,205491,171986,82000,93050,51423,33423,36872,39277,684.0,12937.0,2410.0,16833.0,17294.0,8902.0,61825.0,25520.0,567117.0,551531,161991,24091,482200,6736,29296,17568,153631,91065,622457,3045350,2.4410465125471026,22.97511678090889,0.106247403912022,185,Utah,357418.0,7523.0,2406467.0,61499.0
2019,49,194000,170349,86578,86385,50704,33274,35169,34585,,12678.0,872.0,15089.0,20403.0,10019.0,45190.0,28144.0,558649.0,530416,160628,29311,460416,6199,21250,20786,153082,86858,604186,3096848,2.4410465125471026,22.97511678090889,0.106247403912022,185,Utah,357418.0,7523.0,2406467.0,61499.0
2021,49,198491,171805,79846,81127,56941,41188,30171,33524,438.0,11375.0,591.0,19554.0,13104.0,14961.0,67492.0,76999.0,488579.0,546057,147036,28485,476642,6963,21922,15580,143501,112801,580292,3231370,2.4410465125471026,22.97511678090889,0.106247403912022,185,Utah,357418.0,7523.0,2406467.0,61499.0
2018,50,37557,32428,8437,10727,23353,20478,4070,3406,118.0,562.0,179.0,1219.0,1781.0,,748.0,3742.0,132107.0,136903,3553,3377,127515,2650,4325,81,2508,34352,106104,624977,,2.797953512912501,,185,Vermont,418921.0,18593.0,206820.0,12508.0
2019,50,40048,31856,10406,11478,20182,13862,4127,5088,,842.0,,1244.0,4050.0,,510.0,4193.0,126208.0,134342,2705,1152,122635,2020,3860,3487,3893,36515,100532,624313,,2.797953512912501,,185,Vermont,418921.0,18593.0,206820.0,12508.0
2021,50,35952,32194,10779,10903,24144,15357,2728,2541,,40.0,,2085.0,2297.0,,2043.0,6962.0,121171.0,131195,3403,2086,117252,2656,6929,618,5057,33174,101424,641637,,2.797953512912501,,185,Vermont,418921.0,18593.0,206820.0,12508.0
2018,56,42512,29074,12523,13212,15750,11728,4943,6121,227.0,5799.0,312.0,2984.0,415.0,,4381.0,4272.0,117473.0,117180,18683,2890,116080,823,2381,1604,12085,24758,111105,581836,1.0146155017285603,27.970714628094303,0.0362742073350339,185,Wyoming,268783.0,5251.0,294843.0,7988.0
2019,56,34834,33290,11886,12646,16380,11774,5114,6216,,6529.0,18.0,1115.0,2777.0,215.0,3732.0,6032.0,111722.0,115093,17047,1962,113439,1185,2395,2398,10761,26553,105587,581024,1.0146155017285603,27.970714628094303,0.0362742073350339,185,Wyoming,268783.0,5251.0,294843.0,7988.0
2021,56,41983,33638,13020,15824,14969,12317,6583,4469,23.0,5713.0,24.0,1529.0,3027.0,111.0,4682.0,14768.0,112926.0,121953,20850,1735,124457,889,2339,800,12583,30474,112329,576641,1.0146155017285603,27.970714628094303,0.0362742073350339,185,Wyoming,268783.0,5251.0,294843.0,7988.0
2018,6,3254286,2837847,1241800,1288524,1224025,876124,457050,478381,553.0,76528.0,31243.0,1285526.0,822906.0,47228.0,2391443.0,518336.0,6484274.0,5272396,6385641,1123930,3854374,166087,525833,210840,5776973,1654670,10003367,39148760,0.2741788581914759,41.668273225690974,0.0065800388872949,200,California,2771305.0,84089.0,34482651.0,1100625.0
2019,6,2986767,2615972,1173672,1218880,1196785,842359,416487,430246,420.0,83801.0,26268.0,1151504.0,784539.0,36803.0,2223837.0,479641.0,6094355.0,4874709,6006459,1039824,3611660,170381,459348,203989,5395966,1621069,9260099,39283497,0.2741788581914759,41.668273225690974,0.0065800388872949,200,California,2771305.0,84089.0,34482651.0,1100625.0
2021,6,2935128,2562394,1138462,1180794,1206800,912283,357743,378659,618.0,154226.0,33240.0,1233414.0,736378.0,50121.0,3015787.0,2250026.0,3198453.0,4886002,5786261,1054096,3658685,153349,501008,183138,5121987,1668333,9003930,39455353,0.2741788581914759,41.668273225690974,0.0065800388872949,200,California,2771305.0,84089.0,34482651.0,1100625.0
2018,8,389688,342894,142770,147268,157418,105990,51905,48254,156.0,16323.0,5342.0,43154.0,90483.0,2155.0,84196.0,71855.0,1072523.0,905329,480858,36564,909139,9401,51739,29620,349724,228598,1157589,5531141,0.4673805191990494,28.03925070949644,0.0166687948990289,200,Colorado,971420.0,23080.0,4057776.0,145163.0
2019,8,372428,324797,127950,140000,149288,108330,49424,48951,66.0,18599.0,4470.0,44120.0,87880.0,1267.0,77271.0,71136.0,1016359.0,859693,461475,37191,885541,13146,39550,31973,313767,218775,1102393,5610349,0.4673805191990494,28.03925070949644,0.0166687948990289,200,Colorado,971420.0,23080.0,4057776.0,145163.0
2021,8,357851,327303,120720,129412,152667,109192,47223,50870,116.0,18409.0,4000.0,32119.0,80801.0,3515.0,125424.0,259882.0,770972.0,849799,445439,32686,880786,10612,40447,33639,297068,208801,1086437,5723176,0.4673805191990494,28.03925070949644,0.0166687948990289,200,Colorado,971420.0,23080.0,4057776.0,145163.0
2018,9,237609,180956,85531,83571,110944,67564,29492,28605,,3270.0,2785.0,34389.0,148458.0,864.0,108768.0,38112.0,487626.0,548009,276263,22994,454786,14045,66720,16302,249425,153551,670721,3581504,0.0012481765499246,1.3966788677054738,0.0008936746869916,200,Connecticut,533783.0,10349.0,3040314.0,156673.0
2019,9,221930,178813,79315,81304,107767,65540,28409,26485,,2888.0,1095.0,30344.0,143530.0,192.0,95066.0,40661.0,475787.0,535968,253595,19756,455653,12598,66248,10194,225114,157515,632048,3575074,0.0012481765499246,1.3966788677054738,0.0008936746869916,200,Connecticut,533783.0,10349.0,3040314.0,156673.0
2021,9,208055,179176,71169,79413,115346,77228,25757,26130,,3955.0,1185.0,30696.0,125729.0,435.0,111945.0,131821.0,376508.0,526145,256129,20655,447563,13919,67216,14749,218172,157754,624520,3605330,0.0012481765499246,1.3966788677054738,0.0008936746869916,200,Connecticut,533783.0,10349.0,3040314.0,156673.0
2018,10,71889,57442,29103,26734,31269,19345,11020,10712,,1108.0,101.0,9622.0,86532.0,,9995.0,9696.0,140460.0,220084,37430,6426,201415,1954,13033,999,33687,46198,211316,949495,0.0079102413134999,0.5415900729185084,0.014605587711151,200,Delaware,201901.0,9929.0,696033.0,31705.0
2019,10,67071,50506,21353,24032,30851,18190,9775,11727,,1368.0,84.0,6005.0,72549.0,191.0,9968.0,8067.0,135273.0,187092,46413,4713,170879,2221,8585,2864,44243,42359,191146,957248,0.0079102413134999,0.5415900729185084,0.014605587711151,200,Delaware,201901.0,9929.0,696033.0,31705.0
2021,10,65187,50824,26051,25982,35628,23541,9611,10062,,999.0,567.0,7214.0,67967.0,,22024.0,34968.0,113147.0,203207,43679,7435,173384,1990,12590,6346,45141,45238,201648,981892,0.0079102413134999,0.5415900729185084,0.014605587711151,200,Delaware,201901.0,9929.0,696033.0,31705.0
2018,11,56839,39835,17432,16233,21782,15120,8494,7848,,807.0,,3893.0,135481.0,,9622.0,3908.0,29872.0,162873,20710,4281,134752,8070,5320,11838,19322,41629,141954,684498,,0.0183735483099987,,200,District of Columbia,,,601723.0,39043.0
2019,11,53912,40985,15433,13794,19067,14532,6646,8026,,1111.0,177.0,4394.0,125156.0,,13027.0,3670.0,24860.0,152245,20150,3816,130603,7108,4882,6721,19265,39647,132748,692683,,0.0183735483099987,,200,District of Columbia,,,601723.0,39043.0
2021,11,47720,37290,16780,14671,19315,13578,4384,5585,,538.0,103.0,6391.0,112893.0,,10101.0,10001.0,19296.0,145470,13853,4394,120618,6682,4957,6854,15818,32390,126933,683154,,0.0183735483099987,,200,District of Columbia,,,601723.0,39043.0
2018,12,1872671,1544402,644323,679193,1014820,696948,267322,258465,44.0,14308.0,6118.0,171781.0,1559029.0,4485.0,346097.0,211788.0,4664494.0,4628200,2349944,138114,3870533,61264,518292,78369,2311572,1205821,5772323,20598139,0.0650560969889325,13.934848389875588,0.0046685902256532,200,Florida,2390637.0,120857.0,16410673.0,959909.0
2019,12,1800049,1506507,630103,674886,974879,669822,250653,251649,172.0,17992.0,5329.0,171820.0,1517412.0,5218.0,329078.0,228418.0,4483109.0,4481064,2277484,135812,3733759,62999,533669,80804,2211505,1211748,5546800,20901636,0.0650560969889325,13.934848389875588,0.0046685902256532,200,Florida,2390637.0,120857.0,16410673.0,959909.0
2021,12,1764484,1447495,619032,637496,1015735,729663,222398,233643,54.0,26709.0,5539.0,145481.0,1411437.0,2902.0,609512.0,1487338.0,2980974.0,4436451,2233495,107713,3681532,55513,557913,85433,2181842,1185462,5484484,21339762,0.0650560969889325,13.934848389875588,0.0046685902256532,200,Florida,2390637.0,120857.0,16410673.0,959909.0
2018,15,80958,70764,31008,29086,40112,32702,14077,14903,,853.0,318.0,86941.0,4577.0,55960.0,5659.0,83762.0,75540.0,268478,45132,104472,168212,10007,6955,5436,18528,50455,263155,1422029,0.0728843730082102,1.4482632859849942,0.050325361219552,200,Hawaii,221521.0,12218.0,1138780.0,38679.0
2019,15,76750,65437,25602,27429,41588,26181,11634,13334,,1665.0,55.0,93481.0,4214.0,54156.0,5260.0,68694.0,60430.0,250296,37659,117845,137551,8703,7572,8295,7989,49595,238360,1422094,0.0728843730082102,1.4482632859849942,0.050325361219552,200,Hawaii,221521.0,12218.0,1138780.0,38679.0
2021,15,81138,78646,28278,31293,46765,34354,11789,11714,,1671.0,159.0,93487.0,8170.0,54204.0,9250.0,86179.0,70857.0,278891,45086,98293,188340,8416,8409,6584,13935,54145,269832,1453498,0.0728843730082102,1.4482632859849942,0.050325361219552,200,Hawaii,221521.0,12218.0,1138780.0,38679.0
2018,21,435694,370011,146507,158727,200651,129782,65727,65182,,2696.0,754.0,23327.0,174017.0,2421.0,31504.0,44457.0,1293105.0,1489081,83200,18489,1397375,14697,35892,23318,82510,393961,1178320,4440204,,10.667940358170991,,200,Kentucky,2080340.0,137794.0,2259027.0,124379.0
2019,21,413639,359067,140876,145328,192885,131427,59061,66338,,2090.0,728.0,18958.0,167129.0,880.0,22938.0,49219.0,1246679.0,1432193,76428,18959,1342960,12796,31187,23257,79462,392230,1116391,4449052,,10.667940358170991,,200,Kentucky,2080340.0,137794.0,2259027.0,124379.0
2021,21,413463,345149,152230,156969,201657,139404,60757,59448,596.0,3806.0,679.0,20829.0,140503.0,1930.0,32161.0,133168.0,1195405.0,1436278,92799,18283,1362905,11053,39028,14536,83272,393871,1135206,4494141,,10.667940358170991,,200,Kentucky,2080340.0,137794.0,2259027.0,124379.0
2018,24,349059,267966,129103,132214,158652,95066,48936,55285,,1879.0,1081.0,62259.0,481816.0,582.0,122857.0,42119.0,523688.0,1016933,219348,42502,839550,15188,70055,59129,209857,221212,1015069,6003435,,2.772298357989518,,200,Maryland,866465.0,25858.0,4907087.0,206232.0
2019,24,346743,270597,129577,145167,162156,96653,50699,55359,,3200.0,2490.0,67388.0,503145.0,,115688.0,48980.0,516060.0,1053175,203776,42562,846744,15321,94290,56997,201037,236386,1020565,6018848,,2.772298357989518,,200,Maryland,866465.0,25858.0,4907087.0,206232.0
2021,24,365411,278833,142007,147365,160767,109211,53522,50754,,4391.0,4809.0,73506.0,489935.0,100.0,173779.0,104513.0,456837.0,1071187,236683,49933,868011,12459,85411,59799,232257,235538,1072332,6148545,,2.772298357989518,,200,Maryland,866465.0,25858.0,4907087.0,206232.0
2018,25,432671,338041,128774,142300,230552,143556,43577,51132,,3341.0,4058.0,106759.0,197974.0,647.0,146220.0,63464.0,988140.0,1120536,390067,89682,792324,24434,190800,51576,361787,331166,1179437,6830193,0.0003508451360782,2.3185478335960226,0.0001513210687286,200,Massachusetts,647136.0,15821.0,5900493.0,297186.0
2019,25,387522,310593,119425,132716,222946,132388,42988,47712,,4815.0,3341.0,94163.0,180748.0,1166.0,124587.0,74391.0,913079.0,1046904,349386,78856,744828,24446,187351,35963,324846,313833,1082457,6850553,0.0003508451360782,2.3185478335960226,0.0001513210687286,200,Massachusetts,647136.0,15821.0,5900493.0,297186.0
2021,25,407044,318079,121452,125052,232280,147393,43791,42010,,3600.0,946.0,95887.0,128941.0,808.0,160829.0,254653.0,791437.0,1063590,373511,81518,770077,25039,179778,46796,333893,324485,1112616,6991852,0.0003508451360782,2.3185478335960226,0.0001513210687286,200,Massachusetts,647136.0,15821.0,5900493.0,297186.0
2018,26,864241,708297,305217,313541,387158,251288,115448,127877,,19231.0,5479.0,77063.0,713671.0,1518.0,57227.0,114883.0,2083995.0,2844660,228407,49290,2539543,35419,108890,155054,184871,643224,2429843,9957488,0.1019271069885781,17.054769819006005,0.0059764574995899,200,Michigan,2779376.0,112217.0,7104264.0,439751.0
2019,26,822549,670218,284833,309923,357142,239617,120835,119284,,20124.0,3708.0,72393.0,661111.0,860.0,55909.0,137726.0,1972570.0,2697788,226613,43622,2429463,34354,107971,154892,154099,608819,2315582,9965265,0.1019271069885781,17.054769819006005,0.0059764574995899,200,Michigan,2779376.0,112217.0,7104264.0,439751.0
2021,26,786593,666689,285407,311713,385993,263829,115684,110730,56.0,15287.0,4396.0,55384.0,656952.0,1447.0,73103.0,259805.0,1860208.0,2712358,214280,36337,2426746,33727,97430,170270,162128,591776,2334862,10062512,0.1019271069885781,17.054769819006005,0.0059764574995899,200,Michigan,2779376.0,112217.0,7104264.0,439751.0
2018,27,355503,303260,125817,145004,179337,118756,49403,56828,98.0,30478.0,3655.0,73517.0,191588.0,2005.0,53551.0,57434.0,921582.0,1195088,138820,70147,949679,25560,45328,119612,123582,255544,1078364,5527358,1.3499888492034384,25.53981147992244,0.052858215115045,200,Minnesota,1572725.0,38320.0,3731200.0,140284.0
2019,27,337714,262031,118051,131090,160197,106336,49782,53119,,27209.0,6060.0,82780.0,182848.0,,43249.0,57825.0,818349.0,1093839,124481,80538,853787,25622,29447,126183,102743,230490,987830,5563378,1.3499888492034384,25.53981147992244,0.052858215115045,200,Minnesota,1572725.0,38320.0,3731200.0,140284.0
2021,27,332545,275558,123551,130737,165740,112961,40642,47108,,18132.0,3088.0,72241.0,172657.0,668.0,53739.0,118285.0,790032.0,1104847,123995,70854,893177,21087,39705,101067,102952,249902,978940,5670472,1.3499888492034384,25.53981147992244,0.052858215115045,200,Minnesota,1572725.0,38320.0,3731200.0,140284.0
2018,30,87873,82639,31150,33707,41112,33328,10944,15103,,33842.0,1315.0,2446.0,2665.0,,3531.0,15158.0,276899.0,322016,13840,2953,298520,6986,11196,6047,10154,61183,274673,1041732,4.118322156820946,45.07979860954449,0.0913562678593909,200,Montana,534175.0,18429.0,455240.0,23009.0
2019,30,86687,76981,29978,29776,46189,31603,11019,14251,139.0,44077.0,416.0,3416.0,3151.0,386.0,3678.0,13716.0,257505.0,309525,16959,2229,293498,6211,4642,10067,9837,58370,268114,1050649,4.118322156820946,45.07979860954449,0.0913562678593909,200,Montana,534175.0,18429.0,455240.0,23009.0
2021,30,80348,77550,28863,32213,42851,36564,8128,10866,32.0,35952.0,1716.0,3596.0,659.0,409.0,5045.0,22438.0,247536.0,298958,18425,4254,280748,5785,8896,9045,8655,65404,251979,1077978,4.118322156820946,45.07979860954449,0.0913562678593909,200,Montana,534175.0,18429.0,455240.0,23009.0
2018,32,257801,231681,101902,107432,100563,79094,38937,41477,231.0,16447.0,4429.0,55898.0,122223.0,3710.0,183088.0,52496.0,520365.0,568144,390743,54460,484176,5458,26499,24904,363390,165622,793265,2922849,0.548250003421254,29.93966852189237,0.0183118260985543,200,Nevada,234241.0,7774.0,2466310.0,123146.0
2019,32,253525,214224,103929,103532,100703,78956,34769,39646,,11734.0,1189.0,60908.0,123532.0,7534.0,144386.0,45523.0,534478.0,558578,370706,54587,490770,5928,22815,17287,337897,153504,775780,2972382,0.548250003421254,29.93966852189237,0.0183118260985543,200,Nevada,234241.0,7774.0,2466310.0,123146.0
2021,32,264412,230510,104102,114320,110146,90885,36261,39458,272.0,15067.0,2188.0,64843.0,127671.0,10579.0,185228.0,205376.0,378870.0,602838,387256,75341,534927,4365,31535,12966,330960,158077,832017,3059238,0.548250003421254,29.93966852189237,0.0183118260985543,200,Nevada,234241.0,7774.0,2466310.0,123146.0
2018,33,74469,55706,22832,21891,41506,29224,8927,10003,,367.0,185.0,8319.0,8170.0,393.0,3711.0,8028.0,235385.0,245931,18627,3859,225445,2593,14821,3038,14802,62007,202551,1343622,,2.683566606943992,,200,New Hampshire,594289.0,14133.0,722181.0,23926.0
2019,33,74809,53880,20921,19736,41294,27726,7970,7136,,233.0,64.0,8054.0,6441.0,529.0,4431.0,4530.0,229190.0,234242,19230,5775,207131,2755,12307,5035,20469,60362,193110,1348124,,2.683566606943992,,200,New Hampshire,594289.0,14133.0,722181.0,23926.0
2021,33,61419,46724,18832,22189,44372,28282,6635,8185,,179.0,63.0,6385.0,3901.0,,3105.0,17248.0,205757.0,223718,12920,3342,201508,3587,15678,1011,11512,54852,181786,1372175,,2.683566606943992,,200,New Hampshire,594289.0,14133.0,722181.0,23926.0
2018,37,963420,762823,344732,368823,416550,269713,133940,139038,229.0,51739.0,7624.0,84549.0,1004596.0,3956.0,213144.0,117227.0,1915975.0,2833743,565296,63974,2632920,20743,75323,35500,570579,628547,2770492,10155624,0.7065718674672212,12.782192015464457,0.0552778323633676,200,North Carolina,3740367.0,204836.0,5795116.0,310741.0
2019,37,924946,734126,341609,346921,412730,264815,124623,136929,89.0,48737.0,15065.0,69871.0,970722.0,3722.0,187221.0,117859.0,1873413.0,2764348,522351,60844,2569922,27655,61536,42722,524020,620665,2666034,10264876,0.7065718674672212,12.782192015464457,0.0552778323633676,200,North Carolina,3740367.0,204836.0,5795116.0,310741.0
2021,37,885899,711860,319944,348169,431844,286713,122051,127547,679.0,47933.0,6379.0,67020.0,887281.0,2247.0,272391.0,335877.0,1614220.0,2704192,529835,63416,2526863,21808,60777,33807,527356,628103,2605924,10367022,0.7065718674672212,12.782192015464457,0.0552778323633676,200,North Carolina,3740367.0,204836.0,5795116.0,310741.0
2018,38,48802,49047,15169,15199,24750,14659,6950,9072,,15697.0,1956.0,4058.0,13715.0,25.0,3508.0,7282.0,137407.0,172652,10996,1212,147963,2444,8317,13317,10395,29342,154306,752201,1.0350335677135007,21.839796565345527,0.0473920883198998,200,North Dakota,284613.0,7351.0,387978.0,14390.0
2019,38,50701,47765,20505,14421,21861,13644,6439,8420,,20036.0,2240.0,5061.0,10046.0,351.0,1713.0,6786.0,137523.0,170281,13475,1212,161705,2388,8611,3364,6476,33622,150134,756717,1.0350335677135007,21.839796565345527,0.0473920883198998,200,North Dakota,284613.0,7351.0,387978.0,14390.0
2021,38,45551,52199,17231,16812,23974,17292,6677,7117,,15662.0,1268.0,2845.0,11429.0,60.0,3239.0,15723.0,136627.0,175217,11636,1720,151700,2053,8375,8894,14111,37996,148857,773344,1.0350335677135007,21.839796565345527,0.0473920883198998,200,North Dakota,284613.0,7351.0,387978.0,14390.0
2018,41,342695,296075,108819,118973,152540,106475,43926,43682,722.0,15248.0,3111.0,45474.0,32897.0,4629.0,59812.0,70309.0,980983.0,964220,248965,46439,863050,22311,36106,22329,222950,250394,962791,4081943,0.4184957453016996,28.178454318036643,0.0148516217596018,200,Oregon,929913.0,59138.0,2901161.0,207861.0
2019,41,322402,287353,106432,103466,147075,103961,35203,38166,73.0,13690.0,3205.0,48261.0,36751.0,3461.0,66166.0,64574.0,907877.0,915314,228744,42866,834091,21967,33312,17883,193939,255359,888699,4129803,0.4184957453016996,28.178454318036643,0.0148516217596018,200,Oregon,929913.0,59138.0,2901161.0,207861.0
2021,41,330945,292291,104238,118546,162864,114694,33718,36056,379.0,16662.0,4059.0,44109.0,34345.0,10522.0,100856.0,162896.0,819524.0,952723,240629,50872,856242,22333,47449,15288,201168,266734,926618,4207177,0.4184957453016996,28.178454318036643,0.0148516217596018,200,Oregon,929913.0,59138.0,2901161.0,207861.0
2018,42,956397,755379,325848,341356,515627,319806,130171,132097,,5269.0,3765.0,138128.0,632331.0,700.0,171414.0,133426.0,2391648.0,3000955,475726,111249,2631835,41952,202946,60498,428201,793017,2683664,12791181,1.64409688809492e-07,12.53583770321049,1.3115173688582922e-08,200,Pennsylvania,3218445.0,112946.0,9483934.0,550520.0
2019,42,929211,717133,336568,339691,503382,308045,121437,138355,197.0,8004.0,5755.0,119897.0,666523.0,1900.0,189168.0,141036.0,2261342.0,2887845,505977,88006,2568858,44049,195001,63906,434002,795601,2598221,12791530,1.64409688809492e-07,12.53583770321049,1.3115173688582922e-08,200,Pennsylvania,3218445.0,112946.0,9483934.0,550520.0
2021,42,874659,702026,333780,341264,517470,333466,121232,124489,110.0,6871.0,3020.0,112025.0,568837.0,2334.0,255038.0,336885.0,2063266.0,2854570,493816,90754,2547518,46422,173331,74102,416259,769535,2578851,12970650,1.64409688809492e-07,12.53583770321049,1.3115173688582922e-08,200,Pennsylvania,3218445.0,112946.0,9483934.0,550520.0
2018,51,589722,464581,195852,201245,252875,160834,81174,81967,545.0,4077.0,978.0,98724.0,560743.0,1863.0,96473.0,95349.0,1169498.0,1744121,284129,65535,1507594,13142,85191,71757,285031,369468,1658782,8413774,0.0330744297762131,10.685778693130755,0.0030951819915075,200,Virginia,2159846.0,84401.0,5841178.0,187318.0
2019,51,550116,443588,195501,203129,236911,156363,70308,81134,119.0,3114.0,400.0,96532.0,554734.0,693.0,97413.0,87534.0,1096511.0,1661192,275858,70010,1432738,15336,80459,64488,274019,368396,1568654,8454463,0.0330744297762131,10.685778693130755,0.0030951819915075,200,Virginia,2159846.0,84401.0,5841178.0,187318.0
2021,51,550900,443037,189106,213772,254973,171077,72308,75261,94.0,7385.0,5137.0,91127.0,533400.0,2715.0,136165.0,212027.0,982384.0,1696426,274008,63627,1470312,12698,82642,73475,267680,375137,1595297,8582479,0.0330744297762131,10.685778693130755,0.0030951819915075,200,Virginia,2159846.0,84401.0,5841178.0,187318.0
2018,53,525718,452443,184558,183980,202504,132673,74719,79037,1197.0,32886.0,4644.0,135023.0,107078.0,15171.0,152400.0,124871.0,1262362.0,1431339,404293,130097,1174014,26787,101042,58491,345201,339565,1496067,7294336,1.6724816053646216,20.899636055609196,0.080024436832992,200,Washington,1372824.0,62174.0,5351716.0,288437.0
2019,53,486876,411913,169890,184549,211838,145594,66619,73250,1194.0,35980.0,5431.0,103265.0,108266.0,12578.0,147931.0,121096.0,1214788.0,1352621,397908,108872,1120330,28985,77006,60602,354734,343275,1407254,7404107,1.6724816053646216,20.899636055609196,0.080024436832992,200,Washington,1372824.0,62174.0,5351716.0,288437.0
2021,53,481427,408750,179741,180406,209593,155617,61509,63233,2985.0,25759.0,7132.0,122731.0,104989.0,12400.0,182230.0,277929.0,1004121.0,1326028,414248,110631,1092368,26250,90085,63129,357813,348345,1391931,7617364,1.6724816053646216,20.899636055609196,0.080024436832992,200,Washington,1372824.0,62174.0,5351716.0,288437.0
2018,54,189287,152553,56351,66772,95752,68545,24669,23184,,324.0,302.0,4445.0,36112.0,324.0,4737.0,17143.0,613726.0,666719,10394,4860,643482,3613,6584,3025,15549,177961,499152,1829054,,6.493879726220489,,200,West Virginia,1073935.0,69717.0,779059.0,52226.0
2019,54,178626,147467,59404,58024,92040,63797,23741,22159,,2290.0,320.0,4565.0,27868.0,,1685.0,18486.0,590044.0,635915,9343,3790,620102,3828,5913,4460,7165,174645,470613,1817305,,6.493879726220489,,200,West Virginia,1073935.0,69717.0,779059.0,52226.0
2021,54,175835,152004,57171,54836,91765,62213,19748,21418,,428.0,411.0,3422.0,22516.0,511.0,3662.0,38391.0,565649.0,625200,9790,4028,612483,2330,5127,4598,6424,165704,469286,1801049,,6.493879726220489,,200,West Virginia,1073935.0,69717.0,779059.0,52226.0
2018,55,411866,328953,143133,158746,213516,136308,61405,61553,100.0,19090.0,1858.0,54818.0,207748.0,371.0,55363.0,51997.0,1124135.0,1341318,174162,37787,1240408,15533,45237,14910,161605,285172,1230308,5778394,0.3036781709638796,16.490074258070926,0.018415815854513,200,Wisconsin,1934167.0,63204.0,3752819.0,206427.0
2019,55,395522,300565,141086,143844,187694,122148,57103,57614,137.0,17142.0,2339.0,42274.0,192684.0,826.0,66177.0,48901.0,1035096.0,1225295,180281,33542,1133904,17846,47258,14805,158221,276827,1128749,5790716,0.3036781709638796,16.490074258070926,0.018415815854513,200,Wisconsin,1934167.0,63204.0,3752819.0,206427.0
2021,55,384948,297603,142835,149158,204711,145861,47870,54466,,14461.0,2772.0,49034.0,189904.0,448.0,58660.0,154232.0,957941.0,1240976,186476,42783,1150800,15961,48364,13730,155814,274129,1153323,5871661,0.3036781709638796,16.490074258070926,0.018415815854513,200,Wisconsin,1934167.0,63204.0,3752819.0,206427.0
2018,17,811460,613197,288817,321338,330411,210119,121368,119904,585.0,5893.0,2392.0,134749.0,663488.0,2347.0,260820.0,92192.0,1654148.0,2087040,729574,90723,1768706,32498,156632,69227,698828,491110,2325504,12821497,,15.408210633680492,,165,Illinois,1949404.0,69336.0,10881228.0,561692.0
2019,17,749843,570802,299162,290791,306631,196722,113797,114451,,3686.0,5054.0,124589.0,669132.0,1141.0,223042.0,88481.0,1527074.0,1991683,650516,79243,1712821,31180,134527,74723,609705,474853,2167346,12770631,,15.408210633680492,,165,Illinois,1949404.0,69336.0,10881228.0,561692.0
2021,17,747704,582211,287333,293192,331232,228902,95344,105891,1011.0,19964.0,5903.0,118381.0,642232.0,2098.0,291436.0,352517.0,1238267.0,2020249,651560,76390,1753909,30846,157876,54462,598326,498517,2173292,12821813,,15.408210633680492,,165,Illinois,1949404.0,69336.0,10881228.0,561692.0
2018,31,122521,98396,46019,47805,47688,32832,18283,19869,,6554.0,931.0,12187.0,26134.0,233.0,26049.0,24422.0,336903.0,338581,94832,12271,328368,3688,8575,6787,73724,80590,352823,1904760,0.1945204834506191,21.61445600809001,0.0089995548987128,165,Nebraska,534319.0,13339.0,1292022.0,51898.0
2019,31,108755,81342,39647,43152,49082,30326,15451,18584,,7975.0,710.0,11156.0,36363.0,846.0,12792.0,16313.0,300184.0,315709,70630,7708,284695,3230,14846,16034,59826,72215,314124,1914571,0.1945204834506191,21.61445600809001,0.0089995548987128,165,Nebraska,534319.0,13339.0,1292022.0,51898.0
2021,31,105139,89667,39818,47372,51344,32071,15025,17839,,6936.0,870.0,12949.0,26220.0,36.0,27763.0,56163.0,267338.0,320863,77412,9055,298300,3515,15749,6882,64774,82050,316225,1951480,0.1945204834506191,21.61445600809001,0.0089995548987128,165,Nebraska,534319.0,13339.0,1292022.0,51898.0
2018,35,202078,167297,69432,83324,80343,59338,28509,28620,,109032.0,2666.0,7292.0,17412.0,1031.0,57480.0,22921.0,501107.0,295128,423813,4022,297150,5915,7332,89569,314953,142524,576417,2092434,3.1275411958803336,30.892917107084106,0.1012381312208018,165,New Mexico,583670.0,34341.0,1475509.0,96624.0
2019,35,171681,137619,66723,66593,83952,54864,24940,24357,57.0,81948.0,3126.0,8069.0,13823.0,625.0,75883.0,24157.0,423041.0,272169,358560,5305,278140,5708,7825,63425,270326,136243,494486,2092454,3.1275411958803336,30.892917107084106,0.1012381312208018,165,New Mexico,583670.0,34341.0,1475509.0,96624.0
2021,35,190340,153718,69286,74201,77274,59480,24300,25413,295.0,94364.0,2202.0,6414.0,18050.0,382.0,113992.0,199291.0,239022.0,289652,384360,6071,319666,4982,6372,73380,263541,140407,533605,2109366,3.1275411958803336,30.892917107084106,0.1012381312208018,165,New Mexico,583670.0,34341.0,1475509.0,96624.0
2018,48,2210316,1699608,961265,995785,690653,469726,386183,402890,440.0,29584.0,16561.0,266045.0,1163891.0,6152.0,704926.0,194784.0,5434043.0,3417644,4398782,211675,3234108,44291,157609,141822,4026921,1183717,6632709,27885195,0.0061635373294439,65.32767064870832,9.43480345807472e-05,165,Texas,5099272.0,202002.0,20046289.0,965723.0
2019,48,2085772,1571978,896647,953568,679265,452476,366288,371288,98.0,25383.0,13050.0,245808.0,1137133.0,7690.0,635944.0,216297.0,5095879.0,3313170,4064112,183083,3173664,43643,160640,124964,3691288,1150790,6226492,28260856,0.0061635373294439,65.32767064870832,9.43480345807472e-05,165,Texas,5099272.0,202002.0,20046289.0,965723.0
2021,48,2101898,1655130,910473,960659,721908,523183,324034,354628,514.0,44508.0,18676.0,246145.0,1127217.0,5329.0,1137050.0,2311055.0,2661419.0,3352037,4199876,181576,3260628,41962,167051,152060,3748636,1230859,6321054,28862581,0.0061635373294439,65.32767064870832,9.43480345807472e-05,165,Texas,5099272.0,202002.0,20046289.0,965723.0
2018,19,182001,145149,62482,68532,82357,46729,23971,29293,,1177.0,1471.0,19575.0,53950.0,2799.0,9753.0,28239.0,523550.0,576725,63789,21078,515057,9049,24904,10837,59589,124018,516496,3132499,0.0049207280835808,15.857238832669452,0.0003103143072703,160,Iowa,1197574.0,35839.0,1848781.0,98286.0
2019,19,187978,138890,54726,66125,79507,45727,24084,25084,,4255.0,393.0,15802.0,59337.0,625.0,9635.0,19807.0,512267.0,559204,62917,13014,505076,9595,17223,21524,55689,128730,493391,3139508,0.0049207280835808,15.857238832669452,0.0003103143072703,160,Iowa,1197574.0,35839.0,1848781.0,98286.0
2021,19,167181,132563,58262,68892,87376,59024,22208,24484,,4332.0,1539.0,16406.0,48130.0,2513.0,21510.0,61216.0,464344.0,551406,68584,16580,501854,8350,13548,23615,56043,134448,485542,3179090,0.0049207280835808,15.857238832669452,0.0003103143072703,160,Iowa,1197574.0,35839.0,1848781.0,98286.0
2018,36,1174599,905306,419479,425782,558539,322543,174384,166453,264.0,20001.0,8173.0,393098.0,897346.0,1893.0,625826.0,174566.0,2025918.0,2919338,1227747,265170,1997370,100510,512697,146897,1124441,798284,3348801,19618453,0.1819547793735055,14.006968575208106,0.0129903039616694,150,New York,2700456.0,100878.0,16677646.0,993899.0
2019,36,1053734,813597,362345,390513,539586,328979,145213,165034,36.0,15147.0,6581.0,377692.0,847068.0,2738.0,524595.0,154797.0,1870347.0,2750779,1048222,268247,1863803,106405,478280,122880,959386,789496,3009505,19572319,0.1819547793735055,14.006968575208106,0.0129903039616694,150,New York,2700456.0,100878.0,16677646.0,993899.0
2021,36,1155210,919387,412812,418184,577225,368988,155574,158059,336.0,32159.0,13097.0,404896.0,804858.0,4313.0,705492.0,513793.0,1686495.0,2947288,1218151,278907,2068213,103509,521524,131538,1061748,824161,3341278,20114745,0.1819547793735055,14.006968575208106,0.0129903039616694,150,New York,2700456.0,100878.0,16677646.0,993899.0
